cache_key,id,condition,correct,coherent,reason,raw_judge
judge::direct::a328285c6212c899e335c45db3c49ffd,a328285c6212c899e335c45db3c49ffd,direct,1,1,Finding an old film in a sealed cabinet is logical and fits the context of storage.,"{""coherent"":1,""reason"":""Finding an old film in a sealed cabinet is logical and fits the context of storage.""}"
judge::cot::a328285c6212c899e335c45db3c49ffd,a328285c6212c899e335c45db3c49ffd,cot,1,1,"Old films are often stored in cabinets, making this a coherent and likely answer.","{""coherent"":1,""reason"":""Old films are often stored in cabinets, making this a coherent and likely answer.""}"
judge::direct::17eafc807b198236faf06a66f4c05313,17eafc807b198236faf06a66f4c05313,direct,1,1,"Earth is a planet in the solar system, matching the question's context and goal.","{""coherent"":1,""reason"":""Earth is a planet in the solar system, matching the question's context and goal.""}"
judge::cot::17eafc807b198236faf06a66f4c05313,17eafc807b198236faf06a66f4c05313,cot,1,1,"Earth is a planet in the solar system, matching the question's context and goal.","{""coherent"":1,""reason"":""Earth is a planet in the solar system, matching the question's context and goal.""}"
judge::direct::c2a8c6814ed3e207771cfc23b3b42cf1,c2a8c6814ed3e207771cfc23b3b42cf1,direct,1,1,Salt shakers are commonly kept on table settings for easy access during meals.,"{""coherent"":1,""reason"":""Salt shakers are commonly kept on table settings for easy access during meals.""}"
judge::cot::c2a8c6814ed3e207771cfc23b3b42cf1,c2a8c6814ed3e207771cfc23b3b42cf1,cot,1,1,Salt shakers are commonly kept on table settings for easy access during meals.,"{""coherent"":1,""reason"":""Salt shakers are commonly kept on table settings for easy access during meals.""}"
judge::direct::db63bf66a8bfd16e5103cbdd350f5202,db63bf66a8bfd16e5103cbdd350f5202,direct,1,1,"'Take the stage' refers to performing, fitting with 'theater' and dressing room context.","{""coherent"":1,""reason"":""'Take the stage' refers to performing, fitting with 'theater' and dressing room context.""}"
judge::cot::db63bf66a8bfd16e5103cbdd350f5202,db63bf66a8bfd16e5103cbdd350f5202,cot,1,1,"'Take the stage' refers to performing, fitting with 'theater' and dressing in costumes.","{""coherent"":1,""reason"":""'Take the stage' refers to performing, fitting with 'theater' and dressing in costumes.""}"
judge::direct::1b3d286458a7e7f069222de0376d06da,1b3d286458a7e7f069222de0376d06da,direct,1,1,A personal key is commonly used to access one's own home.,"{""coherent"":1,""reason"":""A personal key is commonly used to access one's own home.""}"
judge::cot::1b3d286458a7e7f069222de0376d06da,1b3d286458a7e7f069222de0376d06da,cot,0,1,A personal key is commonly used to unlock one's own front door.,"{""coherent"":1,""reason"":""A personal key is commonly used to unlock one's own front door.""}"
judge::direct::64ab884bd870f6f68146636b4cce921c,64ab884bd870f6f68146636b4cce921c,direct,1,1,"Winning at soccer commonly leads to excitement, matching the positive outcome implied by the question.","{""coherent"":1,""reason"":""Winning at soccer commonly leads to excitement, matching the positive outcome implied by the question.""}"
judge::cot::64ab884bd870f6f68146636b4cce921c,64ab884bd870f6f68146636b4cce921c,cot,1,1,"Winning at soccer commonly leads to excitement, matching the positive outcome implied by the question.","{""coherent"":1,""reason"":""Winning at soccer commonly leads to excitement, matching the positive outcome implied by the question.""}"
judge::direct::8b2af2d865b7dc500427786c846eacaf,8b2af2d865b7dc500427786c846eacaf,direct,1,1,'Stillness' logically explains why every motion is audible in the woods during a hunt.,"{""coherent"":1,""reason"":""'Stillness' logically explains why every motion is audible in the woods during a hunt.""}"
judge::cot::8b2af2d865b7dc500427786c846eacaf,8b2af2d865b7dc500427786c846eacaf,cot,1,1,'Stillness' logically explains why every motion is audible in the woods during a hunt.,"{""coherent"":1,""reason"":""'Stillness' logically explains why every motion is audible in the woods during a hunt.""}"
judge::direct::637c710ec9582fd9b9e8eaa3f3fe83bb,637c710ec9582fd9b9e8eaa3f3fe83bb,direct,1,1,"Hotels commonly lend bath towels to guests, matching the goal of borrowing one.","{""coherent"":1,""reason"":""Hotels commonly lend bath towels to guests, matching the goal of borrowing one.""}"
judge::cot::637c710ec9582fd9b9e8eaa3f3fe83bb,637c710ec9582fd9b9e8eaa3f3fe83bb,cot,1,1,"Hotels commonly lend bath towels to guests, matching the goal of borrowing one.","{""coherent"":1,""reason"":""Hotels commonly lend bath towels to guests, matching the goal of borrowing one.""}"
judge::direct::570be8c1edb8c638603dc5c8cae421cc,570be8c1edb8c638603dc5c8cae421cc,direct,0,1,"Birdwatching with binoculars is common in the countryside, fitting the vacation and nesting birds context.","{""coherent"":1,""reason"":""Birdwatching with binoculars is common in the countryside, fitting the vacation and nesting birds context.""}"
judge::cot::570be8c1edb8c638603dc5c8cae421cc,570be8c1edb8c638603dc5c8cae421cc,cot,0,1,"Birdwatching with binoculars is common in the countryside, fitting the vacation and nesting birds context.","{""coherent"":1,""reason"":""Birdwatching with binoculars is common in the countryside, fitting the vacation and nesting birds context.""}"
judge::direct::77ddc9134bb27f9962aa2ed5ec5a5ef9,77ddc9134bb27f9962aa2ed5ec5a5ef9,direct,1,1,Watching television is a common solo activity for entertainment when alone.,"{""coherent"":1,""reason"":""Watching television is a common solo activity for entertainment when alone.""}"
judge::cot::77ddc9134bb27f9962aa2ed5ec5a5ef9,77ddc9134bb27f9962aa2ed5ec5a5ef9,cot,1,1,Watching television is a common solo activity for entertainment when alone.,"{""coherent"":1,""reason"":""Watching television is a common solo activity for entertainment when alone.""}"
judge::direct::2c9f4a98ce774cd734b6e384d95051a7,2c9f4a98ce774cd734b6e384d95051a7,direct,1,1,'Safe neighborhood' is a common phrase and fits the context of parental concern for safety.,"{""coherent"":1,""reason"":""'Safe neighborhood' is a common phrase and fits the context of parental concern for safety.""}"
judge::cot::2c9f4a98ce774cd734b6e384d95051a7,2c9f4a98ce774cd734b6e384d95051a7,cot,1,1,'Safe neighborhood' is a common phrase and fits the context of parental concern for safety.,"{""coherent"":1,""reason"":""'Safe neighborhood' is a common phrase and fits the context of parental concern for safety.""}"
judge::direct::41bab71fea3fa04e5a4e10a2f86996df,41bab71fea3fa04e5a4e10a2f86996df,direct,1,1,"Schools often have young children, so safety concerns about a mezzanine are coherent with the goal.","{""coherent"":1,""reason"":""Schools often have young children, so safety concerns about a mezzanine are coherent with the goal.""}"
judge::cot::41bab71fea3fa04e5a4e10a2f86996df,41bab71fea3fa04e5a4e10a2f86996df,cot,1,1,"Schools often have young children, so safety concerns about a mezzanine are reasonable.","{""coherent"":1,""reason"":""Schools often have young children, so safety concerns about a mezzanine are reasonable.""}"
judge::direct::1f492f556fae64f72ce36b6caa242dd0,1f492f556fae64f72ce36b6caa242dd0,direct,1,1,'Unlikely' fits with thinking something is possible but agreeing it's not probable.,"{""coherent"":1,""reason"":""'Unlikely' fits with thinking something is possible but agreeing it's not probable.""}"
judge::cot::1f492f556fae64f72ce36b6caa242dd0,1f492f556fae64f72ce36b6caa242dd0,cot,1,1,"'Unlikely' fits with thinking something is possible but agreeing it's not probable, matching the question's logic.","{""coherent"":1,""reason"":""'Unlikely' fits with thinking something is possible but agreeing it's not probable, matching the question's logic.""}"
judge::direct::a80ee7775e934c423012fe98e20ba28b,a80ee7775e934c423012fe98e20ba28b,direct,1,1,"Yellow lights signal drivers to slow down, matching Sean's situation and the question's context.","{""coherent"":1,""reason"":""Yellow lights signal drivers to slow down, matching Sean's situation and the question's context.""}"
judge::cot::a80ee7775e934c423012fe98e20ba28b,a80ee7775e934c423012fe98e20ba28b,cot,1,1,"Yellow lights signal drivers to slow down, matching Sean's situation and the question's context.","{""coherent"":1,""reason"":""Yellow lights signal drivers to slow down, matching Sean's situation and the question's context.""}"
judge::direct::e216381e9f0ddd1d248ee25fccca2b1f,e216381e9f0ddd1d248ee25fccca2b1f,direct,1,1,'Parents' are commonly referred to as the caretakers of a child.,"{""coherent"":1,""reason"":""'Parents' are commonly referred to as the caretakers of a child.""}"
judge::cot::e216381e9f0ddd1d248ee25fccca2b1f,e216381e9f0ddd1d248ee25fccca2b1f,cot,1,1,'Parents' accurately refers to the caretakers of a child.,"{""coherent"":1,""reason"":""'Parents' accurately refers to the caretakers of a child.""}"
judge::direct::1520a8fd3116e7b856947c5e308d7ce5,1520a8fd3116e7b856947c5e308d7ce5,direct,1,1,"Talking to a granddaughter likely brings happiness, matching the goal of connecting with family.","{""coherent"":1,""reason"":""Talking to a granddaughter likely brings happiness, matching the goal of connecting with family.""}"
judge::cot::1520a8fd3116e7b856947c5e308d7ce5,1520a8fd3116e7b856947c5e308d7ce5,cot,1,1,"Talking to a granddaughter likely brings happiness, matching the goal of connecting with family.","{""coherent"":1,""reason"":""Talking to a granddaughter likely brings happiness, matching the goal of connecting with family.""}"
judge::direct::4ccd43cdff044bc4c644dadff1ff1e0b,4ccd43cdff044bc4c644dadff1ff1e0b,direct,1,1,"Repeated surprises often lead to annoyance, matching the likely emotional response to the situation described.","{""coherent"":1,""reason"":""Repeated surprises often lead to annoyance, matching the likely emotional response to the situation described.""}"
judge::cot::4ccd43cdff044bc4c644dadff1ff1e0b,4ccd43cdff044bc4c644dadff1ff1e0b,cot,1,1,"Repeated surprises often lead to annoyance, matching the likely emotional response to the situation described.","{""coherent"":1,""reason"":""Repeated surprises often lead to annoyance, matching the likely emotional response to the situation described.""}"
judge::direct::72611791cdcb040f2d699827fb9cebc4,72611791cdcb040f2d699827fb9cebc4,direct,1,1,People often complete puzzles or riddles to seek intellectual challenge and mental stimulation.,"{""coherent"":1,""reason"":""People often complete puzzles or riddles to seek intellectual challenge and mental stimulation.""}"
judge::cot::72611791cdcb040f2d699827fb9cebc4,72611791cdcb040f2d699827fb9cebc4,cot,1,1,People typically complete puzzles or riddles to seek intellectual challenge.,"{""coherent"":1,""reason"":""People typically complete puzzles or riddles to seek intellectual challenge.""}"
judge::direct::4f1d8007b446b0e10f07fd63cbd31b6f,4f1d8007b446b0e10f07fd63cbd31b6f,direct,1,1,"Heat is lethal on the sun's surface, matching the question's context about energy forms.","{""coherent"":1,""reason"":""Heat is lethal on the sun's surface, matching the question's context about energy forms.""}"
judge::cot::4f1d8007b446b0e10f07fd63cbd31b6f,4f1d8007b446b0e10f07fd63cbd31b6f,cot,1,1,Heat on the sun's surface would kill you before anything else listed; it's the most immediate danger.,"{""coherent"":1,""reason"":""Heat on the sun's surface would kill you before anything else listed; it's the most immediate danger.""}"
judge::direct::f7140f00ddd8d1c5d93b05ea32ad1fff,f7140f00ddd8d1c5d93b05ea32ad1fff,direct,1,1,"Row houses are typically found in cities, matching the goal of moving to them.","{""coherent"":1,""reason"":""Row houses are typically found in cities, matching the goal of moving to them.""}"
judge::cot::f7140f00ddd8d1c5d93b05ea32ad1fff,f7140f00ddd8d1c5d93b05ea32ad1fff,cot,1,1,"Row houses are typically found in cities, matching the goal of moving from country estates.","{""coherent"":1,""reason"":""Row houses are typically found in cities, matching the goal of moving from country estates.""}"
judge::direct::2509fdd7d94afe9d0c021654ce0ba93f,2509fdd7d94afe9d0c021654ce0ba93f,direct,1,1,Going to movies is a common way to see new films.,"{""coherent"":1,""reason"":""Going to movies is a common way to see new films.""}"
judge::cot::2509fdd7d94afe9d0c021654ce0ba93f,2509fdd7d94afe9d0c021654ce0ba93f,cot,1,1,Going to movies is a common way to see new films.,"{""coherent"":1,""reason"":""Going to movies is a common way to see new films.""}"
judge::direct::ac1abecdbbd7bcde6592ca645c2ecb1e,ac1abecdbbd7bcde6592ca645c2ecb1e,direct,0,1,'Direct sunlight' logically follows from being exposed with no shade.,"{""coherent"":1,""reason"":""'Direct sunlight' logically follows from being exposed with no shade.""}"
judge::cot::ac1abecdbbd7bcde6592ca645c2ecb1e,ac1abecdbbd7bcde6592ca645c2ecb1e,cot,0,1,'Direct sunlight' logically follows from being exposed with no shade.,"{""coherent"":1,""reason"":""'Direct sunlight' logically follows from being exposed with no shade.""}"
judge::direct::8f2976690c83be6b8fa3a1196dfd9722,8f2976690c83be6b8fa3a1196dfd9722,direct,1,1,Understanding the past helps one be prepared for the future; this matches the likely goal in the question.,"{""coherent"":1,""reason"":""Understanding the past helps one be prepared for the future; this matches the likely goal in the question.""}"
judge::cot::8f2976690c83be6b8fa3a1196dfd9722,8f2976690c83be6b8fa3a1196dfd9722,cot,1,1,Understanding the past helps one be prepared for the future; this is a logical connection.,"{""coherent"":1,""reason"":""Understanding the past helps one be prepared for the future; this is a logical connection.""}"
judge::direct::d725f1c2e150a3221de31612123f3f46,d725f1c2e150a3221de31612123f3f46,direct,1,1,Buying food is a common and logical goal when going to market.,"{""coherent"":1,""reason"":""Buying food is a common and logical goal when going to market.""}"
judge::cot::d725f1c2e150a3221de31612123f3f46,d725f1c2e150a3221de31612123f3f46,cot,1,1,Buying food is a common and logical goal when going to market.,"{""coherent"":1,""reason"":""Buying food is a common and logical goal when going to market.""}"
judge::direct::efe488f67b53a4b6e69782c01c84f06c,efe488f67b53a4b6e69782c01c84f06c,direct,1,1,'Beat' is the term for the area a police officer regularly patrols.,"{""coherent"": 1, ""reason"": ""'Beat' is the term for the area a police officer regularly patrols.""}"
judge::cot::efe488f67b53a4b6e69782c01c84f06c,efe488f67b53a4b6e69782c01c84f06c,cot,1,1,A 'beat' is the designated area a police officer patrols.,"{""coherent"": 1, ""reason"": ""A 'beat' is the designated area a police officer patrols.""}"
judge::direct::cc46d936bf69d69a3863b0cb85d75c17,cc46d936bf69d69a3863b0cb85d75c17,direct,1,1,Seeing an opponent is confident can cause regret about fighting; this fits the context and goal.,"{""coherent"":1,""reason"":""Seeing an opponent is confident can cause regret about fighting; this fits the context and goal.""}"
judge::cot::cc46d936bf69d69a3863b0cb85d75c17,cc46d936bf69d69a3863b0cb85d75c17,cot,1,1,Regretting a fight upon seeing an opponent's confidence is logical and contextually appropriate.,"{""coherent"":1,""reason"":""Regretting a fight upon seeing an opponent's confidence is logical and contextually appropriate.""}"
judge::direct::0df042743128b57e874bd5d79b7aae7a,0df042743128b57e874bd5d79b7aae7a,direct,1,1,Having sex is the primary biological method for human reproduction.,"{""coherent"":1,""reason"":""Having sex is the primary biological method for human reproduction.""}"
judge::cot::0df042743128b57e874bd5d79b7aae7a,0df042743128b57e874bd5d79b7aae7a,cot,1,1,Having sex is the primary biological method for human reproduction.,"{""coherent"":1,""reason"":""Having sex is the primary biological method for human reproduction.""}"
judge::direct::bd780fea2d4dd262583446e64c0f314d,bd780fea2d4dd262583446e64c0f314d,direct,1,1,"Convention centers host large gatherings of people from various places, matching the scenario described.","{""coherent"":1,""reason"":""Convention centers host large gatherings of people from various places, matching the scenario described.""}"
judge::cot::bd780fea2d4dd262583446e64c0f314d,bd780fea2d4dd262583446e64c0f314d,cot,1,1,"Convention centers host large gatherings of people from various places, matching the scenario described.","{""coherent"":1,""reason"":""Convention centers host large gatherings of people from various places, matching the scenario described.""}"
judge::direct::8272f08792b873885f93d4c148e307e5,8272f08792b873885f93d4c148e307e5,direct,1,1,"Cold causes cloud water to freeze, forming snowflakes; this matches the question's likely goal.","{""coherent"":1,""reason"":""Cold causes cloud water to freeze, forming snowflakes; this matches the question's likely goal.""}"
judge::cot::8272f08792b873885f93d4c148e307e5,8272f08792b873885f93d4c148e307e5,cot,1,1,"Cold causes cloud water to freeze, forming snowflakes; this matches the likely goal of the question.","{""coherent"":1,""reason"":""Cold causes cloud water to freeze, forming snowflakes; this matches the likely goal of the question.""}"
judge::direct::0b5d0c3bafbe06dd5334c20cd8ea7fe2,0b5d0c3bafbe06dd5334c20cd8ea7fe2,direct,1,1,"Trade schools provide practical knowledge and skills, so 'gaining knowledge' is coherent with the goal.","{""coherent"":1,""reason"":""Trade schools provide practical knowledge and skills, so 'gaining knowledge' is coherent with the goal.""}"
judge::cot::0b5d0c3bafbe06dd5334c20cd8ea7fe2,0b5d0c3bafbe06dd5334c20cd8ea7fe2,cot,1,1,"Trade schools provide practical knowledge and skills, so gaining knowledge is a coherent goal.","{""coherent"":1,""reason"":""Trade schools provide practical knowledge and skills, so gaining knowledge is a coherent goal.""}"
judge::direct::e9d4c747018ff81b8c0aefb5abc3c539,e9d4c747018ff81b8c0aefb5abc3c539,direct,0,1,Bettering oneself directly aligns with the goal of changing one's life positively.,"{""coherent"":1,""reason"":""Bettering oneself directly aligns with the goal of changing one's life positively.""}"
judge::cot::e9d4c747018ff81b8c0aefb5abc3c539,e9d4c747018ff81b8c0aefb5abc3c539,cot,0,1,'Better themselves' directly aligns with the goal of changing one's life positively.,"{""coherent"":1,""reason"":""'Better themselves' directly aligns with the goal of changing one's life positively.""}"
judge::direct::43ab0ff711e60d51f943bbd2cdd6515a,43ab0ff711e60d51f943bbd2cdd6515a,direct,1,1,"Industrial areas commonly have many loud machines, matching the expectation in the question.","{""coherent"":1,""reason"":""Industrial areas commonly have many loud machines, matching the expectation in the question.""}"
judge::cot::43ab0ff711e60d51f943bbd2cdd6515a,43ab0ff711e60d51f943bbd2cdd6515a,cot,1,1,"Industrial areas commonly have many loud machines, matching the expectation in the question.","{""coherent"":1,""reason"":""Industrial areas commonly have many loud machines, matching the expectation in the question.""}"
judge::direct::43ba9669564217f2f909f33acbedaf95,43ba9669564217f2f909f33acbedaf95,direct,1,1,Eating every day is essential for maintaining health and aligns with the goal of staying healthy.,"{""coherent"":1,""reason"":""Eating every day is essential for maintaining health and aligns with the goal of staying healthy.""}"
judge::cot::43ba9669564217f2f909f33acbedaf95,43ba9669564217f2f909f33acbedaf95,cot,1,1,"Eating every day is essential for maintaining health, aligning with the goal of staying healthy.","{""coherent"":1,""reason"":""Eating every day is essential for maintaining health, aligning with the goal of staying healthy.""}"
judge::direct::c592258c88295756833e9796e881057b,c592258c88295756833e9796e881057b,direct,1,1,A music store is a typical place to purchase an upright piano.,"{""coherent"":1,""reason"":""A music store is a typical place to purchase an upright piano.""}"
judge::cot::c592258c88295756833e9796e881057b,c592258c88295756833e9796e881057b,cot,1,1,A music store is a typical place to purchase an upright piano.,"{""coherent"":1,""reason"":""A music store is a typical place to purchase an upright piano.""}"
judge::direct::129ec46cc2541b73198d774ee632c8d7,129ec46cc2541b73198d774ee632c8d7,direct,1,1,"'Depress' directly relates to spirits not elevating, matching the emotional context of the question.","{""coherent"":1,""reason"":""'Depress' directly relates to spirits not elevating, matching the emotional context of the question.""}"
judge::cot::129ec46cc2541b73198d774ee632c8d7,129ec46cc2541b73198d774ee632c8d7,cot,1,1,"'Depress' directly relates to spirits not elevating, matching the emotional context of the question.","{""coherent"":1,""reason"":""'Depress' directly relates to spirits not elevating, matching the emotional context of the question.""}"
judge::direct::6915dfdefe3b1cd5fd8886c8bb84929a,6915dfdefe3b1cd5fd8886c8bb84929a,direct,1,1,Feeling frustration is a common reaction to slow queues; it matches the likely emotional goal.,"{""coherent"":1,""reason"":""Feeling frustration is a common reaction to slow queues; it matches the likely emotional goal.""}"
judge::cot::6915dfdefe3b1cd5fd8886c8bb84929a,6915dfdefe3b1cd5fd8886c8bb84929a,cot,1,1,Feeling frustration is a common reaction to slow queues; it matches the likely emotional goal.,"{""coherent"":1,""reason"":""Feeling frustration is a common reaction to slow queues; it matches the likely emotional goal.""}"
judge::direct::e8a9142d2402f818273dd62cf5a7b559_1,e8a9142d2402f818273dd62cf5a7b559_1,direct,1,1,A runny egg without toast would leave a messy plate after the meal.,"{""coherent"":1,""reason"":""A runny egg without toast would leave a messy plate after the meal.""}"
judge::cot::e8a9142d2402f818273dd62cf5a7b559_1,e8a9142d2402f818273dd62cf5a7b559_1,cot,1,1,A runny egg without toast would leave a messy plate after the meal.,"{""coherent"":1,""reason"":""A runny egg without toast would leave a messy plate after the meal.""}"
judge::direct::a15d564d0be6996251b5d523ac62db2a,a15d564d0be6996251b5d523ac62db2a,direct,1,1,"Long books have many words, which makes reading difficult for young children.","{""coherent"":1,""reason"":""Long books have many words, which makes reading difficult for young children.""}"
judge::cot::a15d564d0be6996251b5d523ac62db2a,a15d564d0be6996251b5d523ac62db2a,cot,1,1,"Long books have many words, which makes reading difficult for young children.","{""coherent"":1,""reason"":""Long books have many words, which makes reading difficult for young children.""}"
judge::direct::c1c73ef0ff662a76cd42c3500240974a,c1c73ef0ff662a76cd42c3500240974a,direct,1,1,"A furniture store sells ottomans, matching the goal of acquiring a new one.","{""coherent"":1,""reason"":""A furniture store sells ottomans, matching the goal of acquiring a new one.""}"
judge::cot::c1c73ef0ff662a76cd42c3500240974a,c1c73ef0ff662a76cd42c3500240974a,cot,1,1,"A furniture store sells ottomans, matching the goal of acquiring a new one.","{""coherent"":1,""reason"":""A furniture store sells ottomans, matching the goal of acquiring a new one.""}"
judge::direct::2dd138a63b5895cf737ced793cc668e7,2dd138a63b5895cf737ced793cc668e7,direct,1,1,"Buyers hope a used car lasts several years, aligning with the goal of reliability and value.","{""coherent"":1,""reason"":""Buyers hope a used car lasts several years, aligning with the goal of reliability and value.""}"
judge::cot::2dd138a63b5895cf737ced793cc668e7,2dd138a63b5895cf737ced793cc668e7,cot,1,1,"Buyers hope a used car lasts several years, aligning with the goal of reliability and value.","{""coherent"":1,""reason"":""Buyers hope a used car lasts several years, aligning with the goal of reliability and value.""}"
judge::direct::1ca3cd9475d7e9da2ddb74911ee2bb68,1ca3cd9475d7e9da2ddb74911ee2bb68,direct,1,1,Being fed daily by people suggests the lizard is kept in captivity.,"{""coherent"":1,""reason"":""Being fed daily by people suggests the lizard is kept in captivity.""}"
judge::cot::1ca3cd9475d7e9da2ddb74911ee2bb68,1ca3cd9475d7e9da2ddb74911ee2bb68,cot,1,1,Being fed daily by people suggests the lizard is kept in captivity.,"{""coherent"":1,""reason"":""Being fed daily by people suggests the lizard is kept in captivity.""}"
judge::direct::37d88a9bb24913c1973cc26d4ce3394f,37d88a9bb24913c1973cc26d4ce3394f,direct,1,1,"A trapeze artist steps onto a platform to perform, fitting the context of putting on a show.","{""coherent"":1,""reason"":""A trapeze artist steps onto a platform to perform, fitting the context of putting on a show.""}"
judge::cot::37d88a9bb24913c1973cc26d4ce3394f,37d88a9bb24913c1973cc26d4ce3394f,cot,1,1,A trapeze artist performs shows and uses a platform to start their act.,"{""coherent"":1,""reason"":""A trapeze artist performs shows and uses a platform to start their act.""}"
judge::direct::9a356ff463c042d04ba45bfd627bac20,9a356ff463c042d04ba45bfd627bac20,direct,1,1,Libraries are widely recognized as places with a wealth of information.,"{""coherent"":1,""reason"":""Libraries are widely recognized as places with a wealth of information.""}"
judge::cot::9a356ff463c042d04ba45bfd627bac20,9a356ff463c042d04ba45bfd627bac20,cot,1,1,Libraries are widely recognized as places with a wealth of information.,"{""coherent"":1,""reason"":""Libraries are widely recognized as places with a wealth of information.""}"
judge::direct::1272e693cf9152e7ac71095c643676b5,1272e693cf9152e7ac71095c643676b5,direct,1,1,"Theaters often have mezzanines and auditoriums with extra seating, matching the described workplace.","{""coherent"":1,""reason"":""Theaters often have mezzanines and auditoriums with extra seating, matching the described workplace.""}"
judge::cot::1272e693cf9152e7ac71095c643676b5,1272e693cf9152e7ac71095c643676b5,cot,1,1,"Theaters commonly have auditoriums with mezzanines for extra seating, matching the described workplace.","{""coherent"":1,""reason"":""Theaters commonly have auditoriums with mezzanines for extra seating, matching the described workplace.""}"
judge::direct::047c2d8c65d297b39aa42821c1ca76a9,047c2d8c65d297b39aa42821c1ca76a9,direct,1,1,"Seeing beautiful views is a positive aspect of walking in nature, fitting the question's intent.","{""coherent"":1,""reason"":""Seeing beautiful views is a positive aspect of walking in nature, fitting the question's intent.""}"
judge::cot::047c2d8c65d297b39aa42821c1ca76a9,047c2d8c65d297b39aa42821c1ca76a9,cot,0,1,Seeing a bear can be a dangerous or bad experience for a walker in nature.,"{""coherent"":1,""reason"":""Seeing a bear can be a dangerous or bad experience for a walker in nature.""}"
judge::direct::49b4c9e1bd7946a819e173ce8fa4c7c9,49b4c9e1bd7946a819e173ce8fa4c7c9,direct,1,1,"Tests are typically conducted in classrooms, where teachers expect silence.","{""coherent"":1,""reason"":""Tests are typically conducted in classrooms, where teachers expect silence.""}"
judge::cot::49b4c9e1bd7946a819e173ce8fa4c7c9,49b4c9e1bd7946a819e173ce8fa4c7c9,cot,1,1,Teachers typically conduct tests in classrooms and expect silence during them.,"{""coherent"":1,""reason"":""Teachers typically conduct tests in classrooms and expect silence during them.""}"
judge::direct::c611875b43b67b91030b889b267bbcb3,c611875b43b67b91030b889b267bbcb3,direct,1,1,"New England includes Maine and New Hampshire, matching the toll road's described location.","{""coherent"":1,""reason"":""New England includes Maine and New Hampshire, matching the toll road's described location.""}"
judge::cot::c611875b43b67b91030b889b267bbcb3,c611875b43b67b91030b889b267bbcb3,cot,1,1,"New England includes Maine and New Hampshire, matching the toll road's described location.","{""coherent"":1,""reason"":""New England includes Maine and New Hampshire, matching the toll road's described location.""}"
judge::direct::4e87db4771f2d6423034935446e3fff1,4e87db4771f2d6423034935446e3fff1,direct,1,1,"Combustible mixtures are handled in chemistry labs, so keeping a fire extinguisher there is logical.","{""coherent"":1,""reason"":""Combustible mixtures are handled in chemistry labs, so keeping a fire extinguisher there is logical.""}"
judge::cot::4e87db4771f2d6423034935446e3fff1,4e87db4771f2d6423034935446e3fff1,cot,1,1,"Combustible mixtures are handled in chemistry labs, so keeping a fire extinguisher there is logical.","{""coherent"":1,""reason"":""Combustible mixtures are handled in chemistry labs, so keeping a fire extinguisher there is logical.""}"
judge::direct::95a85df48902d23eb3fda25a99fca1a0,95a85df48902d23eb3fda25a99fca1a0,direct,1,1,"'Procreate' means to have children, matching the goal of two people in love having children.","{""coherent"":1,""reason"":""'Procreate' means to have children, matching the goal of two people in love having children.""}"
judge::cot::95a85df48902d23eb3fda25a99fca1a0,95a85df48902d23eb3fda25a99fca1a0,cot,1,1,"'Procreate' means to have children, matching the question's context about two people in love having children.","{""coherent"":1,""reason"":""'Procreate' means to have children, matching the question's context about two people in love having children.""}"
judge::direct::a7f423c1636ba9e36d18e381928c5dcc,a7f423c1636ba9e36d18e381928c5dcc,direct,1,1,Taking up musical activities avoids being sedentary and bored without requiring play.,"{""coherent"":1,""reason"":""Taking up musical activities avoids being sedentary and bored without requiring play.""}"
judge::cot::a7f423c1636ba9e36d18e381928c5dcc,a7f423c1636ba9e36d18e381928c5dcc,cot,0,0,'Doing nothing' contradicts her desire to avoid being sedentary and bored.,"{""coherent"":0,""reason"":""'Doing nothing' contradicts her desire to avoid being sedentary and bored.""}"
judge::direct::70af2b5df22ec96901350dfa3c9ee74f,70af2b5df22ec96901350dfa3c9ee74f,direct,1,1,'Relaxation' matches the goal of a slow day and not wanting to do much.,"{""coherent"":1,""reason"":""'Relaxation' matches the goal of a slow day and not wanting to do much.""}"
judge::cot::70af2b5df22ec96901350dfa3c9ee74f,70af2b5df22ec96901350dfa3c9ee74f,cot,1,1,'Relaxation' matches their goal of a slow day and not wanting to do much.,"{""coherent"":1,""reason"":""'Relaxation' matches their goal of a slow day and not wanting to do much.""}"
judge::direct::a7d51b753c2113d8b2dbd0ebb5375855,a7d51b753c2113d8b2dbd0ebb5375855,direct,1,1,"Learning about her grandfather suggests interest in family history, which relates to a family tree.","{""coherent"":1,""reason"":""Learning about her grandfather suggests interest in family history, which relates to a family tree.""}"
judge::cot::a7d51b753c2113d8b2dbd0ebb5375855,a7d51b753c2113d8b2dbd0ebb5375855,cot,1,1,"Learning about her grandfather suggests interest in family history, which relates to a family tree.","{""coherent"":1,""reason"":""Learning about her grandfather suggests interest in family history, which relates to a family tree.""}"
judge::direct::ecbc1ab06ad1ed6c53e5293d7a90ebd3,ecbc1ab06ad1ed6c53e5293d7a90ebd3,direct,0,1,Silk is commonly used in garments to display its texture and sheen.,"{""coherent"":1,""reason"":""Silk is commonly used in garments to display its texture and sheen.""}"
judge::cot::ecbc1ab06ad1ed6c53e5293d7a90ebd3,ecbc1ab06ad1ed6c53e5293d7a90ebd3,cot,0,1,"Silk is commonly used in garments, making it a coherent choice for showing off silk.","{""coherent"":1,""reason"":""Silk is commonly used in garments, making it a coherent choice for showing off silk.""}"
judge::direct::64dbe5cb840ef4f1d25f8b68db8d5fed,64dbe5cb840ef4f1d25f8b68db8d5fed,direct,1,1,"Saunas are commonly found in bathhouses, fitting the context of relaxing after a discussion.","{""coherent"":1,""reason"":""Saunas are commonly found in bathhouses, fitting the context of relaxing after a discussion.""}"
judge::cot::64dbe5cb840ef4f1d25f8b68db8d5fed,64dbe5cb840ef4f1d25f8b68db8d5fed,cot,1,1,"Saunas are commonly found in bathhouses, fitting the context of relaxing after a discussion.","{""coherent"":1,""reason"":""Saunas are commonly found in bathhouses, fitting the context of relaxing after a discussion.""}"
judge::direct::81cc0d320488c7bacafb285cf7db5fbd,81cc0d320488c7bacafb285cf7db5fbd,direct,1,1,Supermarkets receive large shipments of lettuce by truck for distribution to customers.,"{""coherent"":1,""reason"":""Supermarkets receive large shipments of lettuce by truck for distribution to customers.""}"
judge::cot::81cc0d320488c7bacafb285cf7db5fbd,81cc0d320488c7bacafb285cf7db5fbd,cot,1,1,Supermarkets receive large shipments of lettuce by truck for distribution to customers.,"{""coherent"":1,""reason"":""Supermarkets receive large shipments of lettuce by truck for distribution to customers.""}"
judge::direct::a339fe08f1f50463ee180b797e99ebcc,a339fe08f1f50463ee180b797e99ebcc,direct,1,1,"Playing sports in gym class requires energy, matching the likely goal of physical activity.","{""coherent"":1,""reason"":""Playing sports in gym class requires energy, matching the likely goal of physical activity.""}"
judge::cot::a339fe08f1f50463ee180b797e99ebcc,a339fe08f1f50463ee180b797e99ebcc,cot,1,1,You need energy to play sports in gym class; this matches the likely goal of the question.,"{""coherent"":1,""reason"":""You need energy to play sports in gym class; this matches the likely goal of the question.""}"
judge::direct::7f25dbab26165b3c8800c2733ca759d6,7f25dbab26165b3c8800c2733ca759d6,direct,0,1,"Fox hunting is historically associated with English aristocracy, making England a coherent choice.","{""coherent"":1,""reason"":""Fox hunting is historically associated with English aristocracy, making England a coherent choice.""}"
judge::cot::7f25dbab26165b3c8800c2733ca759d6,7f25dbab26165b3c8800c2733ca759d6,cot,0,1,"Fox hunting is traditionally associated with English aristocracy, making England a coherent choice.","{""coherent"":1,""reason"":""Fox hunting is traditionally associated with English aristocracy, making England a coherent choice.""}"
judge::direct::83c25b9a5db5f9b3fd1ff6c7453d23d0,83c25b9a5db5f9b3fd1ff6c7453d23d0,direct,1,1,Losing money is a common cause of unhappiness for gamblers.,"{""coherent"":1,""reason"":""Losing money is a common cause of unhappiness for gamblers.""}"
judge::cot::83c25b9a5db5f9b3fd1ff6c7453d23d0,83c25b9a5db5f9b3fd1ff6c7453d23d0,cot,1,1,Losing money is a common cause of unhappiness for gamblers.,"{""coherent"":1,""reason"":""Losing money is a common cause of unhappiness for gamblers.""}"
judge::direct::aead08289ca9abfcd169f935ea228ee5,aead08289ca9abfcd169f935ea228ee5,direct,1,1,It's common to ask a child to state her name when first meeting her.,"{""coherent"":1,""reason"":""It's common to ask a child to state her name when first meeting her.""}"
judge::cot::aead08289ca9abfcd169f935ea228ee5,aead08289ca9abfcd169f935ea228ee5,cot,1,1,It's common to ask a child to state her name when first meeting her.,"{""coherent"":1,""reason"":""It's common to ask a child to state her name when first meeting her.""}"
judge::direct::a5ca7c89196e54938b5827814d0071d4,a5ca7c89196e54938b5827814d0071d4,direct,1,1,"A kite string typically begins at the hand of the person flying it, often a child.","{""coherent"":1,""reason"":""A kite string typically begins at the hand of the person flying it, often a child.""}"
judge::cot::a5ca7c89196e54938b5827814d0071d4,a5ca7c89196e54938b5827814d0071d4,cot,1,1,"A kite string typically begins at the hand of the person flying it, often a child.","{""coherent"":1,""reason"":""A kite string typically begins at the hand of the person flying it, often a child.""}"
judge::direct::08db69edf0ec5848c1a53dca8fc1601a,08db69edf0ec5848c1a53dca8fc1601a,direct,1,1,"Effusive means showing gratitude, which fits if James is pleased with the result.","{""coherent"":1,""reason"":""Effusive means showing gratitude, which fits if James is pleased with the result.""}"
judge::cot::08db69edf0ec5848c1a53dca8fc1601a,08db69edf0ec5848c1a53dca8fc1601a,cot,1,1,He would likely be very grateful and expressive toward the surgeon for the positive result.,"{""coherent"":1,""reason"":""He would likely be very grateful and expressive toward the surgeon for the positive result.""}"
judge::direct::46bc1a50eeead10509a43a048e01194e,46bc1a50eeead10509a43a048e01194e,direct,0,1,A single shower curtain is commonly used in a shower stall to prevent water from splashing out.,"{""coherent"":1,""reason"":""A single shower curtain is commonly used in a shower stall to prevent water from splashing out.""}"
judge::cot::46bc1a50eeead10509a43a048e01194e,46bc1a50eeead10509a43a048e01194e,cot,1,1,A single shower curtain is commonly used with a bathtub to prevent water from splashing out.,"{""coherent"": 1, ""reason"": ""A single shower curtain is commonly used with a bathtub to prevent water from splashing out.""}"
judge::direct::950af0b765c298960ce3dada66df8db1,950af0b765c298960ce3dada66df8db1,direct,1,1,"Countryside typically has few buildings and little traffic, matching the description in the question.","{""coherent"":1,""reason"":""Countryside typically has few buildings and little traffic, matching the description in the question.""}"
judge::cot::950af0b765c298960ce3dada66df8db1,950af0b765c298960ce3dada66df8db1,cot,1,1,"Countryside typically has few buildings and little traffic, matching the description in the question.","{""coherent"":1,""reason"":""Countryside typically has few buildings and little traffic, matching the description in the question.""}"
judge::direct::8c655f3a55bde41aad880f138d7a445d,8c655f3a55bde41aad880f138d7a445d,direct,1,1,"'Done' refers to meat being fully cooked, matching the goal of wanting it well-cooked.","{""coherent"":1,""reason"":""'Done' refers to meat being fully cooked, matching the goal of wanting it well-cooked.""}"
judge::cot::8c655f3a55bde41aad880f138d7a445d,8c655f3a55bde41aad880f138d7a445d,cot,1,1,"'Well done' is a common way to cook meat, matching the goal of being well cooked.","{""coherent"":1,""reason"":""'Well done' is a common way to cook meat, matching the goal of being well cooked.""}"
judge::direct::0bbb82c1dc4bfd3b0e0c409a0afd248b,0bbb82c1dc4bfd3b0e0c409a0afd248b,direct,1,1,"Confession typically involves talking, which aligns with the question's goal.","{""coherent"":1,""reason"":""Confession typically involves talking, which aligns with the question's goal.""}"
judge::cot::0bbb82c1dc4bfd3b0e0c409a0afd248b,0bbb82c1dc4bfd3b0e0c409a0afd248b,cot,1,1,"Confession involves talking, which matches the goal of activities involving speech.","{""coherent"":1,""reason"":""Confession involves talking, which matches the goal of activities involving speech.""}"
judge::direct::dbdad44029098d4b1d202d6d857d6092,dbdad44029098d4b1d202d6d857d6092,direct,1,1,A table is a common surface for setting papers while working on them.,"{""coherent"":1,""reason"":""A table is a common surface for setting papers while working on them.""}"
judge::cot::dbdad44029098d4b1d202d6d857d6092,dbdad44029098d4b1d202d6d857d6092,cot,1,1,A table is a common surface for setting papers while working on them.,"{""coherent"":1,""reason"":""A table is a common surface for setting papers while working on them.""}"
judge::direct::2435de612dd69f2012b9e40d6af4ce38,2435de612dd69f2012b9e40d6af4ce38,direct,1,1,"The Midwest is known for abundant farmland, making it a logical place to look for farmland.","{""coherent"":1,""reason"":""The Midwest is known for abundant farmland, making it a logical place to look for farmland.""}"
judge::cot::2435de612dd69f2012b9e40d6af4ce38,2435de612dd69f2012b9e40d6af4ce38,cot,1,1,"The Midwest is known for abundant farmland, making it a logical place to look for farmland.","{""coherent"":1,""reason"":""The Midwest is known for abundant farmland, making it a logical place to look for farmland.""}"
judge::direct::cabefb7063a728e77abd44d97397a2a4,cabefb7063a728e77abd44d97397a2a4,direct,1,1,Detectives question witnesses to obtain answers and information relevant to their investigation.,"{""coherent"":1,""reason"":""Detectives question witnesses to obtain answers and information relevant to their investigation.""}"
judge::cot::cabefb7063a728e77abd44d97397a2a4,cabefb7063a728e77abd44d97397a2a4,cot,1,1,Detectives question witnesses to obtain answers relevant to their investigation.,"{""coherent"":1,""reason"":""Detectives question witnesses to obtain answers relevant to their investigation.""}"
judge::direct::e211b1a3f3401d164c8b0bfc10160caa,e211b1a3f3401d164c8b0bfc10160caa,direct,1,1,"Baseball stadiums commonly require tickets and sell hot dogs, matching the scenario described.","{""coherent"":1,""reason"":""Baseball stadiums commonly require tickets and sell hot dogs, matching the scenario described.""}"
judge::cot::e211b1a3f3401d164c8b0bfc10160caa,e211b1a3f3401d164c8b0bfc10160caa,cot,1,1,"Baseball stadiums commonly require tickets and sell hot dogs, matching the scenario described in the question.","{""coherent"":1,""reason"":""Baseball stadiums commonly require tickets and sell hot dogs, matching the scenario described in the question.""}"
judge::direct::c7526b682e64f355384631b35cd78fc9,c7526b682e64f355384631b35cd78fc9,direct,1,1,'Drunker' explains falling off a bar stool; intoxication increases likelihood of such accidents.,"{""coherent"":1,""reason"":""'Drunker' explains falling off a bar stool; intoxication increases likelihood of such accidents.""}"
judge::cot::c7526b682e64f355384631b35cd78fc9,c7526b682e64f355384631b35cd78fc9,cot,1,1,'Drunker' explains falling off a bar stool; intoxication increases the likelihood of such accidents.,"{""coherent"":1,""reason"":""'Drunker' explains falling off a bar stool; intoxication increases the likelihood of such accidents.""}"
judge::direct::7f7a6f2b3087bf37dadbe8aa8d358047,7f7a6f2b3087bf37dadbe8aa8d358047,direct,1,1,Heartburn is a painful condition that can be caused by eating lunch.,"{""coherent"":1,""reason"":""Heartburn is a painful condition that can be caused by eating lunch.""}"
judge::cot::7f7a6f2b3087bf37dadbe8aa8d358047,7f7a6f2b3087bf37dadbe8aa8d358047,cot,1,1,Heartburn is a painful condition that can be caused by eating lunch.,"{""coherent"":1,""reason"":""Heartburn is a painful condition that can be caused by eating lunch.""}"
judge::direct::0af371b94fb414860b13eea6009ccc31,0af371b94fb414860b13eea6009ccc31,direct,1,1,The sun provides energy essential for sustaining life on Earth.,"{""coherent"":1,""reason"":""The sun provides energy essential for sustaining life on Earth.""}"
judge::cot::0af371b94fb414860b13eea6009ccc31,0af371b94fb414860b13eea6009ccc31,cot,1,1,"The sun provides energy necessary for life on earth, making it ultimately responsible for it.","{""coherent"":1,""reason"":""The sun provides energy necessary for life on earth, making it ultimately responsible for it.""}"
judge::direct::3bf06235a537adc9d85431846595b800,3bf06235a537adc9d85431846595b800,direct,1,1,"Birds fly due to lightweight hollow bones, making this option coherent with the question's goal.","{""coherent"":1,""reason"":""Birds fly due to lightweight hollow bones, making this option coherent with the question's goal.""}"
judge::cot::3bf06235a537adc9d85431846595b800,3bf06235a537adc9d85431846595b800,cot,1,1,"Birds fly due to lightweight hollow bones, making this option coherent with the question's goal.","{""coherent"":1,""reason"":""Birds fly due to lightweight hollow bones, making this option coherent with the question's goal.""}"
judge::direct::f2645d0ee8662b6553954cee7e77979e,f2645d0ee8662b6553954cee7e77979e,direct,1,1,"Playing basketball daily in the backyard is likely for enjoyment, so 'have fun' is coherent.","{""coherent"":1,""reason"":""Playing basketball daily in the backyard is likely for enjoyment, so 'have fun' is coherent.""}"
judge::cot::f2645d0ee8662b6553954cee7e77979e,f2645d0ee8662b6553954cee7e77979e,cot,1,1,"People commonly play basketball daily for enjoyment, making 'have fun' a coherent goal.","{""coherent"":1,""reason"":""People commonly play basketball daily for enjoyment, making 'have fun' a coherent goal.""}"
judge::direct::f1368ab1d4ee05d72d555474fcd737d7,f1368ab1d4ee05d72d555474fcd737d7,direct,1,1,"A sore mouth can make chewing food difficult, matching the question's likely goal.","{""coherent"":1,""reason"":""A sore mouth can make chewing food difficult, matching the question's likely goal.""}"
judge::cot::f1368ab1d4ee05d72d555474fcd737d7,f1368ab1d4ee05d72d555474fcd737d7,cot,1,1,A sore mouth can make chewing food difficult due to pain or discomfort.,"{""coherent"":1,""reason"":""A sore mouth can make chewing food difficult due to pain or discomfort.""}"
judge::direct::5a7f6fd97b2c9ad05f773bc8b2ecf441,5a7f6fd97b2c9ad05f773bc8b2ecf441,direct,1,1,"Crossing a bridge avoids water, so hair stays neat; this matches the goal of not messing up hair.","{""coherent"":1,""reason"":""Crossing a bridge avoids water, so hair stays neat; this matches the goal of not messing up hair.""}"
judge::cot::5a7f6fd97b2c9ad05f773bc8b2ecf441,5a7f6fd97b2c9ad05f773bc8b2ecf441,cot,1,1,"Crossing a bridge avoids water, so hair stays neat; this matches the goal of not messing up hair.","{""coherent"":1,""reason"":""Crossing a bridge avoids water, so hair stays neat; this matches the goal of not messing up hair.""}"
judge::direct::ecd32cc0c17d4738a27bba3399f04591,ecd32cc0c17d4738a27bba3399f04591,direct,1,1,"Old Apple Inc stock certificates can be valuable, fitting the context of a valuable piece of paper.","{""coherent"":1,""reason"":""Old Apple Inc stock certificates can be valuable, fitting the context of a valuable piece of paper.""}"
judge::cot::ecd32cc0c17d4738a27bba3399f04591,ecd32cc0c17d4738a27bba3399f04591,cot,1,1,"Old Apple stock certificates can be worth a lot of money, fitting the context of valuable paper.","{""coherent"":1,""reason"":""Old Apple stock certificates can be worth a lot of money, fitting the context of valuable paper.""}"
judge::direct::02f43014a135cbd39f23b044c99de96e,02f43014a135cbd39f23b044c99de96e,direct,1,1,An automobile uses an exit ramp to leave a freeway; this matches the likely goal in the question.,"{""coherent"":1,""reason"":""An automobile uses an exit ramp to leave a freeway; this matches the likely goal in the question.""}"
judge::cot::02f43014a135cbd39f23b044c99de96e,02f43014a135cbd39f23b044c99de96e,cot,1,1,An exit ramp is the standard way for automobiles to leave a freeway.,"{""coherent"":1,""reason"":""An exit ramp is the standard way for automobiles to leave a freeway.""}"
judge::direct::9698232e3599157431c9dc8f2fe179cd,9698232e3599157431c9dc8f2fe179cd,direct,1,1,People attend plays hoping to be entertained; this matches the likely goal in the question.,"{""coherent"":1,""reason"":""People attend plays hoping to be entertained; this matches the likely goal in the question.""}"
judge::cot::9698232e3599157431c9dc8f2fe179cd,9698232e3599157431c9dc8f2fe179cd,cot,1,1,People attend plays hoping to be entertained; this matches the likely goal in the question.,"{""coherent"":1,""reason"":""People attend plays hoping to be entertained; this matches the likely goal in the question.""}"
judge::direct::e3426e4f60c142aa3d813479f79d6305,e3426e4f60c142aa3d813479f79d6305,direct,1,1,People often eat at a restaurant before going to a bar on a night out.,"{""coherent"":1,""reason"":""People often eat at a restaurant before going to a bar on a night out.""}"
judge::cot::e3426e4f60c142aa3d813479f79d6305,e3426e4f60c142aa3d813479f79d6305,cot,1,1,People often go to a restaurant before heading to a bar on a night out.,"{""coherent"":1,""reason"":""People often go to a restaurant before heading to a bar on a night out.""}"
